nombre;característica;descripcion;usos;precio;existencias;categoria
BOPP 2X7    5X19 cm;Paquete  100  Unidades;"Bolsa elaborada en material BOPP , Claridad y Brillo: Ofrece una visibilidad impecable del producto, ideal para destacar artículos en puntos de venta.   	Propiedades de Barrera: Es altamente resistente a la humedad, aceites y químicos, ayudando a conservar la frescura de los alimentos por más tiempo.";Alimentos: Bolsas de snacks, Granola, galletas, pastas y Frutos secos.;10000;10;BOPP Traslape
BOPP 3½X5    8½X14 cm;Paquete  100  Unidades;"Bolsa elaborada en material BOPP , Claridad y Brillo: Ofrece una visibilidad impecable del producto, ideal para destacar artículos en puntos de venta.   	Propiedades de Barrera: Es altamente resistente a la humedad, aceites y químicos, ayudando a conservar la frescura de los alimentos por más tiempo.";Alimentos: Bolsas de snacks, Granola, galletas, pastas y Frutos secos.;7400;10;BOPP Traslape
BOPP 3X6    7½X16½ cm;Paquete  100  Unidades;"Bolsa elaborada en material BOPP , Claridad y Brillo: Ofrece una visibilidad impecable del producto, ideal para destacar artículos en puntos de venta.   	Propiedades de Barrera: Es altamente resistente a la humedad, aceites y químicos, ayudando a conservar la frescura de los alimentos por más tiempo.";Alimentos: Bolsas de snacks, Granola, galletas, pastas y Frutos secos.;7400;50;BOPP Traslape
BOPP P3½X6    9X16½ cm;Paquete  100  Unidades;"Bolsa elaborada en material BOPP , Claridad y Brillo: Ofrece una visibilidad impecable del producto, ideal para destacar artículos en puntos de venta.   	Propiedades de Barrera: Es altamente resistente a la humedad, aceites y químicos, ayudando a conservar la frescura de los alimentos por más tiempo.";Alimentos: Bolsas de snacks, Granola, galletas, pastas y Frutos secos.;8000;200;BOPP Traslape
BOPP P6 4½X6     11X16½ cm;Paquete  100  Unidades;"Bolsa elaborada en material BOPP , Claridad y Brillo: Ofrece una visibilidad impecable del producto, ideal para destacar artículos en puntos de venta.   	Propiedades de Barrera: Es altamente resistente a la humedad, aceites y químicos, ayudando a conservar la frescura de los alimentos por más tiempo.";Alimentos: Bolsas de snacks, Granola, galletas, pastas y Frutos secos.;8300;10;BOPP Traslape
BOPP P7 4½X7     11X20 cm;Paquete  100  Unidades;"Bolsa elaborada en material BOPP , Claridad y Brillo: Ofrece una visibilidad impecable del producto, ideal para destacar artículos en puntos de venta.   	Propiedades de Barrera: Es altamente resistente a la humedad, aceites y químicos, ayudando a conservar la frescura de los alimentos por más tiempo.";Alimentos: Bolsas de snacks, Granola, galletas, pastas y Frutos secos.;9300;10;BOPP Traslape
BOPP P8 4½X8    11X23 cm;Paquete  100  Unidades;"Bolsa elaborada en material BOPP , Claridad y Brillo: Ofrece una visibilidad impecable del producto, ideal para destacar artículos en puntos de venta.   	Propiedades de Barrera: Es altamente resistente a la humedad, aceites y químicos, ayudando a conservar la frescura de los alimentos por más tiempo.";Alimentos: Bolsas de snacks, Granola, galletas, pastas y Frutos secos.;10500;10;BOPP Traslape
BOPP MC  5½X8    14X21½ cm;Paquete  100  Unidades;"Bolsa elaborada en material BOPP , Claridad y Brillo: Ofrece una visibilidad impecable del producto, ideal para destacar artículos en puntos de venta.   	Propiedades de Barrera: Es altamente resistente a la humedad, aceites y químicos, ayudando a conservar la frescura de los alimentos por más tiempo.";Alimentos: Bolsas de snacks, Granola, galletas, pastas y Frutos secos.;12000;10;BOPP Traslape
BOPP M  5½X10    14X25 cm;Paquete  100  Unidades;"Bolsa elaborada en material BOPP , Claridad y Brillo: Ofrece una visibilidad impecable del producto, ideal para destacar artículos en puntos de venta.   	Propiedades de Barrera: Es altamente resistente a la humedad, aceites y químicos, ayudando a conservar la frescura de los alimentos por más tiempo.";Alimentos: Bolsas de snacks, Granola, galletas, pastas y Frutos secos.;12500;10;BOPP Traslape
BOPP M11  5½X11    14X28 cm;Paquete  100  Unidades;"Bolsa elaborada en material BOPP , Claridad y Brillo: Ofrece una visibilidad impecable del producto, ideal para destacar artículos en puntos de venta.   	Propiedades de Barrera: Es altamente resistente a la humedad, aceites y químicos, ayudando a conservar la frescura de los alimentos por más tiempo.";Alimentos: Bolsas de snacks, Granola, galletas, pastas y Frutos secos.;13200;10;BOPP Traslape
BOPP G9  8X9    20X23½ cm;Paquete  100  Unidades;"Bolsa elaborada en material BOPP , Claridad y Brillo: Ofrece una visibilidad impecable del producto, ideal para destacar artículos en puntos de venta.   	Propiedades de Barrera: Es altamente resistente a la humedad, aceites y químicos, ayudando a conservar la frescura de los alimentos por más tiempo.";Alimentos: Bolsas de snacks, Granola, galletas, pastas y Frutos secos.;17500;10;BOPP Traslape
BOPP G11  8X11    20X29 cm;Paquete  100  Unidades;"Bolsa elaborada en material BOPP , Claridad y Brillo: Ofrece una visibilidad impecable del producto, ideal para destacar artículos en puntos de venta.   	Propiedades de Barrera: Es altamente resistente a la humedad, aceites y químicos, ayudando a conservar la frescura de los alimentos por más tiempo.";Alimentos: Bolsas de snacks, Granola, galletas, pastas y Frutos secos.;22500;10;BOPP Traslape
BOPP G12  8X12    20X31 cm;Paquete  100  Unidades;"Bolsa elaborada en material BOPP , Claridad y Brillo: Ofrece una visibilidad impecable del producto, ideal para destacar artículos en puntos de venta.   	Propiedades de Barrera: Es altamente resistente a la humedad, aceites y químicos, ayudando a conservar la frescura de los alimentos por más tiempo.";Alimentos: Bolsas de snacks, Granola, galletas, pastas y Frutos secos.;22500;10;BOPP Traslape
;;;;;;
;;;;;;
